INSERT INTO author (id, name, dob, origin, about) VALUES
(1, 'J.K. Rowling', '1965-07-31', 'United Kingdom', 'Author of Harry Potter series'),
(2, 'George Orwell', '1903-06-25', 'India', 'Author of 1984 and Animal Farm'),
(3, 'Agatha Christie', '1890-09-15', 'United Kingdom', 'Queen of Mystery novels'),
(4, 'Mark Twain', '1835-11-30', 'United States', 'Author of Adventures of Huckleberry Finn'),
(5, 'Jane Austen', '1775-12-16', 'United Kingdom', 'Known for novels like Pride and Prejudice'),
(6, 'Charles Dickens', '1812-02-07', 'United Kingdom', 'Famous for Oliver Twist and A Christmas Carol'),
(7, 'Ernest Hemingway', '1899-07-21', 'United States', 'Nobel Prize-winning author'),
(8, 'Leo Tolstoy', '1828-09-09', 'Russia', 'Author of War and Peace'),
(9, 'Gabriel García Márquez', '1927-03-06', 'Colombia', 'Author of One Hundred Years of Solitude'),
(10, 'F. Scott Fitzgerald', '1896-09-24', 'United States', 'Author of The Great Gatsby');

INSERT INTO publisher (id, name, address, about) VALUES
(1, 'Penguin Random House', 'New York, USA', 'Leading global publisher'),
(2, 'HarperCollins', 'New York, USA', 'Publisher of fiction and non-fiction'),
(3, 'Macmillan Publishers', 'London, UK', 'One of the largest publishing companies'),
(4, 'Simon & Schuster', 'New York, USA', 'American publishing company'),
(5, 'Hachette Book Group', 'Paris, France', 'French-based publishing house'),
(6, 'Oxford University Press', 'Oxford, UK', 'University press and educational publisher'),
(7, 'Cambridge University Press', 'Cambridge, UK', 'Academic publisher'),
(8, 'Scholastic Corporation', 'New York, USA', 'Publisher of childrens books'),
(9, 'Bloomsbury Publishing', 'London, UK', 'Known for publishing Harry Potter'),
(10, 'Pearson Education', 'London, UK', 'Publisher of academic and educational books');

INSERT INTO shelf (id, quantity, floor, no_of_rows, no_of_cols) VALUES
(1, 100, 1, 10, 10),
(2, 80, 1, 8, 10),
(3, 120, 2, 12, 10),
(4, 60, 2, 6, 10),
(5, 90, 3, 9, 10),
(6, 110, 3, 11, 10),
(7, 75, 4, 7, 10),
(8, 50, 4, 5, 10),
(9, 95, 5, 9, 10),
(10, 105, 5, 10, 10);

INSERT INTO vendor (id, name, address, about) VALUES
(1, 'BookWorld', 'Delhi, India', 'Vendor for all genres of books'),
(2, 'Literature Hub', 'Mumbai, India', 'Specialized in novels and literature'),
(3, 'Education Plus', 'Pune, India', 'Deals in educational books'),
(4, 'Fiction Sphere', 'Chennai, India', 'Known for fiction novels'),
(5, 'TechBooks', 'Bangalore, India', 'Specialized in technology and engineering books'),
(6, 'History Makers', 'Kolkata, India', 'Focused on history and culture'),
(7, 'Science Universe', 'Hyderabad, India', 'Deals in science and research books'),
(8, 'Kids World', 'Delhi, India', 'Vendor for childrens books'),
(9, 'Academic Sources', 'Lucknow, India', 'Focused on academic publications'),
(10, 'Art & Design', 'Jaipur, India', 'Vendor for art and design books');

INSERT INTO book (id, author_id, title, publisher_id, vendor_id, shelf_id, category, price, language, subject, genre, date_of_publishing, date_of_addition, availability, shelf_date, bought_on, cover_page, preface) VALUES
(1, 1, 'Harry Potter and the Philosopher''s Stone', 9, 1, 1, 'Fiction', 399.99, 'English', 'Fantasy', 'Fantasy', '1997-06-26', '2024-01-15', 10, '2024-01-16', '2024-01-14', '1.jpg', 'Escape to Hogwarts with the unmissable series that has sparked a lifelong reading journey for children and families all over the world. The magic starts here.Harry Potter has never even heard of Hogwarts when the letters start dropping on the doormat at number four, Privet Drive. Addressed in green ink on yellowish parchment with a purple seal, they are swiftly confiscated by his grisly aunt and uncle. Then, on Harry''s eleventh birthday, a great beetle-eyed giant of a man called Rubeus Hagrid bursts in with some astonishing news: Harry Potter is a wizard, and he has a place at Hogwarts School of Witchcraft and Wizardry. The magic starts here!These editions of the classic and internationally bestselling Harry Potter series feature thrilling jacket artwork by award-winning illustrator Jonny Duddle. They are the perfect starting point for anyone who''s ready to lose themselves in the greatest children''s story of all time'),

(2, 2, '1984', 2, 2, 2, 'Dystopian', 299.99, 'English', 'Fiction', 'Dystopian', '1949-06-08', '2024-02-12', 5, '2024-02-13', '2024-02-11', '2.jpg', 'Published in the summer of 1949, George Orwell''s nineteen Eighty-Four is one of the most definitive texts of modern literature. Set in Oceania, one of the three inter-continental superstate that divided the world among themselves after a global war, Orwell''s masterful critique of the political structures of the time, works itself out through the story of Winston Smith, a man caught in the webs of a dystopian future, and his clandestine love affair with Julia, a young woman he meets during the course of his work for the government. As much as it is an entertaining read, nineteen Eighty-Four is also a brilliant, and more importantly, a timeless satirical attack on the social and political structures of the world'),

(3, 3, 'Murder on the Orient Express', 1, 3, 3, 'Mystery', 199.99, 'English', 'Detective', 'Mystery', '1934-01-01', '2024-03-10', 8, '2024-03-11', '2024-03-09', '3.jpg', 'Agatha Christie''s most famous murder mystery, reissued with a striking new cover designed to appeal to the latest generation of Agatha Christie fans and book lovers. Just after midnight, a snowdrift stops the Orient Express in its tracks. The luxurious train is surprisingly full for the time of the year, but by the morning it is one passenger fewer. An American tycoon lies dead in his compartment, stabbed a dozen times, his door locked from the inside. Isolated and with a killer in their midst, detective Hercule Poirot must identify the murderer - in case he or she decides to strike again.'),

(4, 4, 'Adventures of Huckleberry Finn', 5, 4, 4, 'Classic', 249.99, 'English','Adventure', 'Classic', '1884-12-10', '2024-04-05', 6, '2024-04-06', '2024-04-04', '4.jpg', 'You don''t know about me, without you have read a book by the name of "The Adventures of Tom Sawyer", but that ain''t no matter. So begins, in characteristic fashion, one of the greatest American novels. Narrated by a poor, illiterate white boy living in America''s deep South before the Civil War, Adventures of Huckleberry Finn is the story of Huck''s escape from his brutal father and the relationship that grows between him and Jim, the slave who is fleeing from an even more brutal oppression. As they journey down the Mississippi their adventures address some of the most profound human conundrums: the prejudices of class, age, and colour are pitted against the qualities of hope, courage, and moral character. Enormously influential in the development of American literature, Huckleberry Finn remains a controversial novel at the centre of impassioned critical debate. This edition discusses all the current issues and the evolution of Mark Twain''s penetrating genius.'),

(5, 5, 'Pride and Prejudice', 6, 5, 5, 'Romance', 159.99, 'English', 'Romance', 'Classic', '1813-01-28', '2024-05-01', 12, '2024-05-02', '2024-04-30', '5.jpg', 'This collectable edition is beautifully crafted and designed. Perfect for gifting as well as for keeps. A prized edition for any library. When Elizabeth Bennet meets Fitzwilliam Darcy for the first time at a ball, she writes him off as an arrogant and obnoxious man. He not only acts like an insufferable snob, but she also overhears him rejecting the very idea of asking her for a dance! As life pits them against each other again and again, Darcy begins to fall for Elizabeth''s wit and intelligence and Elizabeth begins to question her feelings about Darcy. But when Darcy saves her youngest sister Lydia from a scandal, Elizabeth starts to wonder if her pride has prejudiced her opinion of Darcy. Through this tale about two warring hearts, Jane Austen weaves a witty satire about life in eighteenth century England. And through it was published more than two centuries ago, Pride and Prejudice continues to enthrall readers to this very day.'),

(6, 6, 'Oliver Twist', 4, 6, 6, 'Classic', 219.99, 'English', 'Drama', 'Classic', '1837-01-01', '2024-06-12', 7, '2024-06-13', '2024-06-11', '6.jpg', 'Charles Dickens'' second novel, Oliver twist, or the parish boy''s progress, was first published as a serial (in months Y instalments) in the magazine bentley''s miscellany from February 1837 to April 1839. The novel was inspired by Robert blincoe''s account of his childhood spent in a cotton Mill. Oliver twist, an orphan, is born in a Workhouse and later sold off into an apprenticeship. Dickens situates his protagonist amid the squalid lives of beggars, criminals and petty thieves. Trapped in a world of corruption and poverty, Oliver with his pure heart is rewarded with a fairy tale ending.'),

(7, 7, 'The Old Man and the Sea', 5, 7, 7, 'Literature', 279.99, 'English', 'Fiction', 'Drama', '1952-09-01', '2024-07-20', 4, '2024-07-21', '2024-07-19', '7.jpg', 'One of the greatest novels of the 20th century by one of the greatest writers in American history - THE BOOK THAT WON ERNEST HEMINGWAY THE NOBEL PRIZE FOR LITERATURE. Set in the Gulf Stream off the coast of Havana, Hemingway''s magnificent fable is the story of an old man, a young boy and a giant fish. Here, in a perfectly crafted story, is a unique and timeless vision of the beauty and grief of man''s challenge to the elements in which he lives. Not a single word is superfluous in this widely admired masterpiece, which once and for all established his place as one of the giants of modern literature.'),

(8, 8, 'War and Peace', 7, 8, 8, 'Historical', 349.99, 'Russian', 'History', 'Historical', '1869-01-01', '2024-08-05', 5, '2024-08-06', '2024-08-04', '8.jpg', 'There is nothing stronger than those two: Patience and Time. The year was 1805. Napoleon''s conquest of western Europe was causing anxiety among the Russians. In alliance with the Austrian empire, the Russian troops were trying to resist Napoleon''s onslaught. War and Peace by Leo Tolstoy chronicles the French invasion of Russia and its impact on Tsarist Russia, through the stories of five families - the Bezukhovs, the Bolkonskys, the Rostovs, the Kuragins, and the Drubetskoys.'),

(9, 9, 'One Hundred Years of Solitude', 8, 9, 9, 'Fiction', 399.99, 'Spanish', 'Magic Realism', 'Magic Realism', '1967-06-05', '2024-09-01', 6, '2024-09-02', '2024-08-31', '9.jpg', 'The novel One Hundred Years of Solitude is an absolute masterpiece. It manages to capture the various phases and glories of the human history. The book has had a major impact on young minds that have taken up literature as a subject. The book is engaging and intense that reminiscences of how history repeats itself with the collapse and creation of a new Macondo within a span of a century. The fall and rise of the Buendia family is captured in the backdrop of all the strife that Latin American societies have witnessed.'),

(10, 10, 'The Great Gatsby', 10, 10, 10, 'Classic', 199.99, 'English', 'Fiction', 'Tragedy', '1925-04-10', '2024-10-10', 9, '2024-10-11', '2024-10-09', '10.jpg', 'The Great Gatsby is considered one of the world''s greatest modern classics. The story is narrated in first person through the eyes of Nick Carraway. Nick, a World War I veteran and Yale graduate, describes his meeting with the most fascinating man he has ever met in his life - Gatsby. Gatsby is a man whose first name as well as origin seem to be unknown. He throws grand parties but never indulges in them himself. Gatsby lives in the great mansion in West Egg, adjacent to which Nick rents a small house for the summer.'),

(11, 1, 'Harry Potter and the Chamber of Secrets', 9, 1, 1, 'Fiction', 399.99, 'English', 'Fantasy', 'Fantasy', '1998-07-02', '2024-11-15', 7, '2024-11-16', '2024-11-14', '11.jpg', 'Harry Potter''s summer has included the worst birthday ever, doomy warnings from a house-elf called Dobby, and rescue from the Dursleys by his friend Ron Weasley in a magical flying car! Back at Hogwarts School of Witchcraft and Wizardry for his corridors - and then the attacks start. Students are found as through turned to stone. Dobby''s sinister predictions seem to be coming true.'),

(12, 3, 'And Then There Were None', 1, 3, 3, 'Mystery', 249.99, 'English', 'Detective', 'Mystery', '1939-11-06', '2024-01-05', 10, '2024-01-06', '2024-01-04', '12.jpg', 'The book that topped the international online poll held in Agatha Christie''s 125th birthday year to discover which of her 80 crime books was the world''s favourite. 1939. Europe teeters on the brink of war. Ten strangers are invited to Soldier Island, an isolated rock near the Devon coast. Cut off from the mainland, with their generous hosts Mr and Mrs U.N. Owen mysteriously absent, they are each accused of a terrible crime. When one of the party dies suddenly they realise they may be harbouring a murderer among their number.'),

(13, 5, 'Sense and Sensibility', 6, 5, 5, 'Romance', 159.99, 'English', 'Romance', 'Classic', '1811-10-30', '2024-02-18', 6, '2024-02-19', '2024-02-17', '13.jpg', 'Sense and Sensibility, the first of Austen''s novels to be published, remains as fresh as ever it was. The basic theme of the novel is concerned with the personalities of the two sisters of contrasting temperaments who share comparable experiences in the loss of the men they love. Elinor, practical and conventional, is the perfection of sense. Marianne, emotional and sentimental, is the embodiment of sensibility.'),

(14, 7, 'A Farewell to Arms', 5, 7, 7, 'War', 299.99, 'English', 'Drama', 'Classic', '1929-09-27', '2024-03-11', 7, '2024-03-12', '2024-03-10', '14.jpg', 'Hemingway''s words strike you, each one, as if they were pebbles fetched fresh from a book. In A Farewell to Arms, Ernest Hemingway''s most celebrated novel, his stark and emotive style of writing reaches its zenith. The plot follows the doomed love between American medic, Frederic Henry, and English nurse Catherine Barkley, brought together in the violent backdrop of World War I, in the Italian countryside.'),

(15, 6, 'David Copperfield', 4, 6, 6, 'Classic', 279.99, 'English', 'Drama', 'Classic', '1850-05-01', '2024-04-25', 5, '2024-04-26', '2024-04-24', '15.jpg', 'Please, Mr Murdstone! Don''t beat me! I''ve tried to learn my lessons, really I have, sir! sobs David. Although he is only eight years old, Mr Murdstone does beat him, and David is so frightened that he bites his cruel stepfather''s hand. For that, he is kept locked in his room for five days and nights, and nobody is allowed to speak to him. As David grows up, he learns that life is full of trouble and misery and cruelty. But he also finds laughter and kindness, trust and friendship... and love.'),

(16, 8, 'Anna Karenina', 7, 8, 8, 'Romance', 399.99, 'Russian', 'Drama', 'Classic', '1877-01-01', '2024-05-30', 6, '2024-05-31', '2024-05-29', '16.jpg', 'The heroine of Tolstoy''s epic of love and self-destruction, Anna Karenina has beauty, wealth, popularity and an adored son, but feels that her life is empty until she encounters the impetuous officer Count Vronsky. Their subsequent affair scandalizes society and family alike, and brings jealousy and bitterness in its wake.'),

(17, 9, 'Love in the Time of Cholera', 8, 9, 9, 'Fiction', 349.99, 'Spanish', 'Drama', 'Magic Realism', '1985-06-05', '2024-06-15', 8, '2024-06-16', '2024-06-14', '17.jpg', 'The book, Love in the Time of Cholera is a romantic novel written with a powerful narrative that grips the readers till the end. This novel was first published in French; and this is the English translation of the original work. The story revolves around two people who fall in love and then suffer the harsh realities which love brings with it.'),

(18, 10, 'Tender is the Night', 10, 10, 10, 'Classic', 249.99, 'English', 'Drama', 'Tragedy', '1934-04-12', '2024-07-20', 10, '2024-07-21', '2024-07-19', '18.jpg', 'From Collins Classics and the author of ‘The Great Gatsby’ a marriage unravels in this autobiographical tale.‘Sometimes it is harder to deprive oneself of a pain than of a pleasure.’Set on the French Riviera in the 1920s, American Dick Diver and his wife Nicole are the epitome of chic, living a glamorous lifestyle and entertaining friends at their villa. Young film star Rosemary Hoyt arrives in France and becomes entranced by the couple. It is not long before she is attracted to the enigmatic Dick, but he and his wife hold dark secrets and as their marriage becomes more fractured, Fitzgerald laments the failure of idealism and the carefully constructed trappings of high society in the Roaring Twenties'),

(19, 1, 'Harry Potter and the Prisoner of Azkaban', 9, 1, 1, 'Fiction', 399.99, 'English', 'Fantasy', 'Fantasy', '1999-07-08', '2024-08-22', 6, '2024-08-23', '2024-08-21', '19.jpg', 'When the Knight Bus crashes through the darkness and screeches to a halt in front of him, it''s the start of another far from ordinary year at Hogwarts for Harry Potter. Sirius Black, escaped mass-murderer and follower of Lord Voldemort, is on the run - and they say he is coming after Harry. In his first ever Divination class, Professor Trelawney sees an omen of death in Harry''s tea leaves . But perhaps most terrifying of all are the Dementors patrolling the school grounds, with their soul-sucking kiss. These new editions of the classic and internationally bestselling, multi-award-winning series feature instantly pick-up-able new jackets by Jonny Duddle, with huge child appeal, to bring Harry Potter to the next generation of readers. It''s time to PASS THE MAGIC ON .'),

(20, 2, 'Animal Farm', 2, 2, 2, 'Satire', 299.99, 'English', 'Fiction', 'Political', '1945-08-17', '2024-09-10', 9, '2024-09-11', '2024-09-09', '20.jpg', 'Manor Farm is like any other English farm, expect for a drunken owner, Mr Jones, incompetent workers and oppressed animals. Fed up with the ignorance of their human masters, the animals rise up in rebellion and take over the farm. Led by intellectually superior pigs like Snowball and Napoleon, the animals how to take charge of their destiny and remove the inequities of their lives. But as time passes, the realize that things aren''t happening quite as expected. Animal Farm is, one level, a simple story about barnyard animals. On a much deeper level, it is a savage political satire on corrupted ideals, misdirected revolutions and class conflict-themes as valid today as they were sixty years ago.'),

(21, 4, 'The Prince and the Pauper', 5, 4, 4, 'Classic', 229.99, 'English', 'Fiction', 'Classic', '1881-01-01', '2024-10-14', 8, '2024-10-15', '2024-10-13', '21.jpg', 'Born on the same day, a prince and a pauper grow up to experience very different lives. While Tom, the pauper, is unwanted by his family, Prince Edward grows up to be celebrated by the entire nation. However, fate has other plans for the two identical young men. What happens when the two accidentally swap lives? Will they be able to convince people of this error? Will they survive in these polar opposite worlds? Read the Prince and the Pauper to experience two wildly different worlds, and find out how the boys navigate through their adventures.'),

(22, 5, 'Emma', 6, 5, 5, 'Romance', 199.99, 'English', 'Drama', 'Classic', '1815-12-23', '2024-11-03', 7, '2024-11-04', '2024-11-02', '22.jpg', 'The definitive text of Jane Austen''s penetrating and sparkling satire, Emma, this Penguin Classics edition includes an introduction by Fiona Stafford. Emma Woodhouse, handsome, clever, rich - and fiercely independent - is perfectly content with her life and sees no need for either love or marriage. Nothing, however, delights her more than interfering in the romantic lives of others. But when she ignores the advice of her good friend Mr Knightley and attempts to arrange a suitable match for her pretty, naive Harriet Smith, her well - laid plans soon unravel and have consequences that she never expected.'),

(23, 6, 'A Tale of Two Cities', 4, 6, 6, 'Classic', 319.99, 'English', 'Drama', 'Historical', '1859-04-30', '2024-12-05', 10, '2024-12-06', '2024-12-04', '23.jpg', 'First published in 1859, during Dickens'' mature period of writing, A Tale of Two Cities remains one of the greatest novels on the French Revolution. The two cities are Paris and London and the scene shifts from one to the other in a story of brutality, repression, hatred and revenge on the one hand and idealism, love and self-sacrifice on the other.'),

(24, 7, 'For Whom the Bell Tolls', 5, 7, 7, 'War', 299.99, 'English', 'Drama', 'Historical', '1940-10-21', '2024-01-12', 4, '2024-01-13', '2024-01-11', '24.jpg', 'High in the pine forests of the Spanish Sierra, a guerrilla band prepares to blow up a vital bridge. Robert Jordan, a young American volunteer on the republican side of the Spanish Civil War, has been sent to handle the dynamiting.'),

(25, 8, 'The Death of Ivan Ilyich', 7, 8, 8, 'Philosophy', 199.99, 'Russian', 'Fiction', 'Philosophy', '1886-01-01', '2024-02-20', 5, '2024-02-21', '2024-02-19', '25.jpg', 'The Death of Ivan Ilyich is a long, lyrical, and poignant exploration of a man’s arduous journey towards the acceptance of his own mortality.');